,STATE_NAME,DISYR,Gender_Type,count
0, KANSAS,2009.0,Female,3079
1, KANSAS,2009.0,Male,6432
2, KANSAS,2010.0,Female,2855
3, KANSAS,2010.0,Male,6106
4, KANSAS,2011.0,Female,2966
5, KANSAS,2011.0,Male,6421
6, KANSAS,2013.0,Female,1777
7, KANSAS,2013.0,Male,3735
8, KANSAS,2015.0,Female,128
9, KANSAS,2015.0,Male,175
10, KANSAS,2016.0,Female,2101
11, KANSAS,2016.0,Male,3630
12, KANSAS,2017.0,Female,2328
13, KANSAS,2017.0,Male,3875
14, KANSAS,2018.0,Female,1775
15, KANSAS,2018.0,Male,2913
16, KANSAS,2019.0,Female,927
17, KANSAS,2019.0,Male,1263
18,28.0,2015.0,Female,827
19,28.0,2015.0,Male,1196
20,28.0,2016.0,Female,1797
21,28.0,2016.0,Male,2771
22,28.0,2017.0,Female,1837
23,28.0,2017.0,Male,2709
24,28.0,2018.0,Female,2309
25,28.0,2018.0,Male,3267
26,28.0,2019.0,-9.0,4
27,28.0,2019.0,Female,1048
28,28.0,2019.0,Male,1684
29,ALABAMA,2010.0,Female,18
30,ALABAMA,2010.0,Male,24
31,ALABAMA,2011.0,Female,70
32,ALABAMA,2011.0,Male,116
33,ALABAMA,2012.0,Female,119
34,ALABAMA,2012.0,Male,152
35,ALABAMA,2013.0,Female,476
36,ALABAMA,2013.0,Male,835
37,ALABAMA,2014.0,Female,679
38,ALABAMA,2014.0,Male,1120
39,ALABAMA,2015.0,Female,738
40,ALABAMA,2015.0,Male,1052
41,ALABAMA,2016.0,Female,792
42,ALABAMA,2016.0,Male,1129
43,ALABAMA,2017.0,Female,1297
44,ALABAMA,2017.0,Male,1748
45,ALABAMA,2018.0,Female,2005
46,ALABAMA,2018.0,Male,2643
47,ALABAMA,2019.0,Female,2851
48,ALABAMA,2019.0,Male,3820
49,ALASKA,2009.0,Female,790
50,ALASKA,2009.0,Male,1435
51,ALASKA,2010.0,Female,905
52,ALASKA,2010.0,Male,1709
53,ALASKA,2011.0,Female,1012
54,ALASKA,2011.0,Male,1757
55,ALASKA,2012.0,-9.0,1
56,ALASKA,2012.0,Female,979
57,ALASKA,2012.0,Male,1672
58,ALASKA,2013.0,Female,1224
59,ALASKA,2013.0,Male,1989
60,ALASKA,2014.0,Female,1347
61,ALASKA,2014.0,Male,2138
62,ALASKA,2015.0,Female,1171
63,ALASKA,2015.0,Male,1948
64,ALASKA,2016.0,Female,1294
65,ALASKA,2016.0,Male,2174
66,ALASKA,2017.0,Female,1343
67,ALASKA,2017.0,Male,2058
68,ALASKA,2018.0,Female,1278
69,ALASKA,2018.0,Male,1948
70,ALASKA,2019.0,Female,1608
71,ALASKA,2019.0,Male,2204
72,ARIZONA,2009.0,Female,5572
73,ARIZONA,2009.0,Male,9472
74,ARIZONA,2010.0,Female,6495
75,ARIZONA,2010.0,Male,10053
76,ARIZONA,2011.0,Female,6851
77,ARIZONA,2011.0,Male,10018
78,ARIZONA,2012.0,Female,9862
79,ARIZONA,2012.0,Male,13148
80,ARIZONA,2013.0,Female,9762
81,ARIZONA,2013.0,Male,11542
82,ARIZONA,2014.0,Female,6292
83,ARIZONA,2014.0,Male,7776
84,ARIZONA,2015.0,Female,10019
85,ARIZONA,2015.0,Male,11380
86,ARIZONA,2016.0,Female,9304
87,ARIZONA,2016.0,Male,11450
88,ARIZONA,2017.0,Female,12271
89,ARIZONA,2017.0,Male,16129
90,ARIZONA,2018.0,Female,54292
91,ARIZONA,2018.0,Male,74228
92,ARIZONA,2019.0,Female,55220
93,ARIZONA,2019.0,Male,75227
94,ARKANSAS,2009.0,-9.0,1
95,ARKANSAS,2009.0,Female,1856
96,ARKANSAS,2009.0,Male,4060
97,ARKANSAS,2010.0,-9.0,2
98,ARKANSAS,2010.0,Female,1996
99,ARKANSAS,2010.0,Male,4299
100,ARKANSAS,2011.0,Female,1120
101,ARKANSAS,2011.0,Male,2170
102,ARKANSAS,2012.0,Female,920
103,ARKANSAS,2012.0,Male,1889
104,ARKANSAS,2013.0,Female,1203
105,ARKANSAS,2013.0,Male,2351
106,ARKANSAS,2014.0,Female,865
107,ARKANSAS,2014.0,Male,1527
108,ARKANSAS,2015.0,Female,900
109,ARKANSAS,2015.0,Male,1341
110,ARKANSAS,2016.0,-9.0,1
111,ARKANSAS,2016.0,Female,1559
112,ARKANSAS,2016.0,Male,2307
113,ARKANSAS,2017.0,-9.0,2
114,ARKANSAS,2017.0,Female,1318
115,ARKANSAS,2017.0,Male,2135
116,ARKANSAS,2018.0,-9.0,2
117,ARKANSAS,2018.0,Female,1981
118,ARKANSAS,2018.0,Male,2932
119,ARKANSAS,2019.0,-9.0,1
120,ARKANSAS,2019.0,Female,2026
121,ARKANSAS,2019.0,Male,3195
122,CALIFORNIA,2009.0,-9.0,41
123,CALIFORNIA,2009.0,Female,39235
124,CALIFORNIA,2009.0,Male,70677
125,CALIFORNIA,2010.0,-9.0,52
126,CALIFORNIA,2010.0,Female,36803
127,CALIFORNIA,2010.0,Male,63758
128,CALIFORNIA,2011.0,-9.0,73
129,CALIFORNIA,2011.0,Female,37038
130,CALIFORNIA,2011.0,Male,60408
131,CALIFORNIA,2012.0,-9.0,90
132,CALIFORNIA,2012.0,Female,35668
133,CALIFORNIA,2012.0,Male,58120
134,CALIFORNIA,2013.0,-9.0,76
135,CALIFORNIA,2013.0,Female,34818
136,CALIFORNIA,2013.0,Male,56610
137,CALIFORNIA,2014.0,-9.0,50
138,CALIFORNIA,2014.0,Female,33883
139,CALIFORNIA,2014.0,Male,57064
140,CALIFORNIA,2015.0,-9.0,39
141,CALIFORNIA,2015.0,Female,34545
142,CALIFORNIA,2015.0,Male,56397
143,CALIFORNIA,2016.0,-9.0,42
144,CALIFORNIA,2016.0,Female,33964
145,CALIFORNIA,2016.0,Male,56160
146,CALIFORNIA,2017.0,-9.0,40
147,CALIFORNIA,2017.0,Female,45173
148,CALIFORNIA,2017.0,Male,73131
149,CALIFORNIA,2018.0,-9.0,32
150,CALIFORNIA,2018.0,Female,24783
151,CALIFORNIA,2018.0,Male,41673
152,CALIFORNIA,2019.0,-9.0,81
153,CALIFORNIA,2019.0,Female,29043
154,CALIFORNIA,2019.0,Male,48533
155,COLORADO,2009.0,Female,5139
156,COLORADO,2009.0,Male,10427
157,COLORADO,2010.0,Female,5756
158,COLORADO,2010.0,Male,12002
159,COLORADO,2011.0,Female,5561
160,COLORADO,2011.0,Male,11545
161,COLORADO,2012.0,Female,5933
162,COLORADO,2012.0,Male,12570
163,COLORADO,2013.0,Female,6389
164,COLORADO,2013.0,Male,13095
165,COLORADO,2014.0,Female,6348
166,COLORADO,2014.0,Male,12613
167,COLORADO,2015.0,Female,5299
168,COLORADO,2015.0,Male,9812
169,COLORADO,2016.0,Female,4938
170,COLORADO,2016.0,Male,8886
171,COLORADO,2017.0,Female,6130
172,COLORADO,2017.0,Male,10628
173,COLORADO,2018.0,Female,5778
174,COLORADO,2018.0,Male,10236
175,COLORADO,2019.0,Female,6084
176,COLORADO,2019.0,Male,10476
177,CONNECTICUT,2009.0,-9.0,3
178,CONNECTICUT,2009.0,Female,3301
179,CONNECTICUT,2009.0,Male,8168
180,CONNECTICUT,2010.0,-9.0,5
181,CONNECTICUT,2010.0,Female,3385
182,CONNECTICUT,2010.0,Male,8720
183,CONNECTICUT,2011.0,-9.0,57
184,CONNECTICUT,2011.0,Female,5338
185,CONNECTICUT,2011.0,Male,13423
186,CONNECTICUT,2012.0,-9.0,16
187,CONNECTICUT,2012.0,Female,5413
188,CONNECTICUT,2012.0,Male,13061
189,CONNECTICUT,2013.0,-9.0,28
190,CONNECTICUT,2013.0,Female,6187
191,CONNECTICUT,2013.0,Male,13663
192,CONNECTICUT,2014.0,-9.0,21
193,CONNECTICUT,2014.0,Female,4928
194,CONNECTICUT,2014.0,Male,11165
195,CONNECTICUT,2015.0,-9.0,29
196,CONNECTICUT,2015.0,Female,7467
197,CONNECTICUT,2015.0,Male,16019
198,CONNECTICUT,2016.0,-9.0,39
199,CONNECTICUT,2016.0,Female,7805
200,CONNECTICUT,2016.0,Male,15482
201,CONNECTICUT,2017.0,-9.0,25
202,CONNECTICUT,2017.0,Female,7999
203,CONNECTICUT,2017.0,Male,16069
204,CONNECTICUT,2018.0,-9.0,21
205,CONNECTICUT,2018.0,Female,7726
206,CONNECTICUT,2018.0,Male,15566
207,CONNECTICUT,2019.0,-9.0,30
208,CONNECTICUT,2019.0,Female,8620
209,CONNECTICUT,2019.0,Male,17256
210,DELAWARE,2009.0,Female,958
211,DELAWARE,2009.0,Male,2222
212,DELAWARE,2010.0,Female,828
213,DELAWARE,2010.0,Male,2167
214,DELAWARE,2011.0,-9.0,1
215,DELAWARE,2011.0,Female,798
216,DELAWARE,2011.0,Male,2050
217,DELAWARE,2012.0,-9.0,4
218,DELAWARE,2012.0,Female,1000
219,DELAWARE,2012.0,Male,2285
220,DELAWARE,2013.0,-9.0,2
221,DELAWARE,2013.0,Female,902
222,DELAWARE,2013.0,Male,2041
223,DELAWARE,2014.0,-9.0,13
224,DELAWARE,2014.0,Female,908
225,DELAWARE,2014.0,Male,1835
226,DELAWARE,2015.0,-9.0,6
227,DELAWARE,2015.0,Female,887
228,DELAWARE,2015.0,Male,1908
229,DELAWARE,2016.0,-9.0,9
230,DELAWARE,2016.0,Female,792
231,DELAWARE,2016.0,Male,2023
232,DELAWARE,2017.0,-9.0,11
233,DELAWARE,2017.0,Female,760
234,DELAWARE,2017.0,Male,1710
235,DELAWARE,2018.0,-9.0,3
236,DELAWARE,2018.0,Female,1175
237,DELAWARE,2018.0,Male,2357
238,DELAWARE,2019.0,-9.0,3
239,DELAWARE,2019.0,Female,853
240,DELAWARE,2019.0,Male,1501
241,DISTRICT OF COLUMBIA,2011.0,-9.0,1
242,DISTRICT OF COLUMBIA,2011.0,Female,679
243,DISTRICT OF COLUMBIA,2011.0,Male,1851
244,DISTRICT OF COLUMBIA,2012.0,-9.0,3
245,DISTRICT OF COLUMBIA,2012.0,Female,612
246,DISTRICT OF COLUMBIA,2012.0,Male,1442
247,DISTRICT OF COLUMBIA,2013.0,Female,599
248,DISTRICT OF COLUMBIA,2013.0,Male,1321
249,DISTRICT OF COLUMBIA,2014.0,Female,524
250,DISTRICT OF COLUMBIA,2014.0,Male,1196
251,DISTRICT OF COLUMBIA,2015.0,Female,466
252,DISTRICT OF COLUMBIA,2015.0,Male,950
253,DISTRICT OF COLUMBIA,2016.0,Female,293
254,DISTRICT OF COLUMBIA,2016.0,Male,640
255,DISTRICT OF COLUMBIA,2017.0,Female,383
256,DISTRICT OF COLUMBIA,2017.0,Male,795
257,DISTRICT OF COLUMBIA,2018.0,Female,356
258,DISTRICT OF COLUMBIA,2018.0,Male,697
259,DISTRICT OF COLUMBIA,2019.0,-9.0,3
260,DISTRICT OF COLUMBIA,2019.0,Female,336
261,DISTRICT OF COLUMBIA,2019.0,Male,623
262,FLORIDA,2009.0,Female,7227
263,FLORIDA,2009.0,Male,12992
264,FLORIDA,2010.0,Female,7568
265,FLORIDA,2010.0,Male,13014
266,FLORIDA,2011.0,Female,5503
267,FLORIDA,2011.0,Male,9928
268,FLORIDA,2012.0,Female,1630
269,FLORIDA,2012.0,Male,2776
270,FLORIDA,2015.0,Female,2610
271,FLORIDA,2015.0,Male,4119
272,FLORIDA,2016.0,Female,3322
273,FLORIDA,2016.0,Male,4796
274,FLORIDA,2017.0,Female,1978
275,FLORIDA,2017.0,Male,2913
276,FLORIDA,2018.0,Female,13221
277,FLORIDA,2018.0,Male,18075
278,FLORIDA,2019.0,Female,9658
279,FLORIDA,2019.0,Male,11274
280,HAWAII ,2009.0,Female,1249
281,HAWAII ,2009.0,Male,1963
282,HAWAII ,2010.0,Female,1423
283,HAWAII ,2010.0,Male,2157
284,HAWAII ,2011.0,Female,1381
285,HAWAII ,2011.0,Male,2217
286,HAWAII ,2012.0,Female,1437
287,HAWAII ,2012.0,Male,2262
288,HAWAII ,2013.0,Female,1404
289,HAWAII ,2013.0,Male,2204
290,HAWAII ,2014.0,Female,1361
291,HAWAII ,2014.0,Male,1963
292,HAWAII ,2015.0,Female,1246
293,HAWAII ,2015.0,Male,1771
294,HAWAII ,2016.0,Female,1207
295,HAWAII ,2016.0,Male,1712
296,HAWAII ,2017.0,Female,1162
297,HAWAII ,2017.0,Male,1648
298,HAWAII ,2018.0,Female,840
299,HAWAII ,2018.0,Male,1239
300,HAWAII ,2019.0,Female,979
301,HAWAII ,2019.0,Male,1162
302,IDAHO,2009.0,-9.0,7
303,IDAHO,2009.0,Female,917
304,IDAHO,2009.0,Male,1992
305,IDAHO,2010.0,-9.0,1
306,IDAHO,2010.0,Female,215
307,IDAHO,2010.0,Male,285
308,IDAHO,2011.0,-9.0,2
309,IDAHO,2011.0,Female,1289
310,IDAHO,2011.0,Male,1986
311,IDAHO,2012.0,-9.0,4
312,IDAHO,2012.0,Female,1268
313,IDAHO,2012.0,Male,2401
314,IDAHO,2013.0,Female,1099
315,IDAHO,2013.0,Male,2147
316,IDAHO,2014.0,Female,1325
317,IDAHO,2014.0,Male,2739
318,IDAHO,2015.0,Female,1520
319,IDAHO,2015.0,Male,3173
320,IDAHO,2016.0,Female,1245
321,IDAHO,2016.0,Male,2791
322,IDAHO,2017.0,Female,1409
323,IDAHO,2017.0,Male,2978
324,IDAHO,2018.0,Female,1248
325,IDAHO,2018.0,Male,2628
326,IDAHO,2019.0,Female,1582
327,IDAHO,2019.0,Male,3244
328,ILLINOIS ,2009.0,Female,9337
329,ILLINOIS ,2009.0,Male,18778
330,ILLINOIS ,2010.0,Female,14229
331,ILLINOIS ,2010.0,Male,26880
332,ILLINOIS ,2011.0,Female,14151
333,ILLINOIS ,2011.0,Male,26040
334,ILLINOIS ,2012.0,Female,7947
335,ILLINOIS ,2012.0,Male,14232
336,ILLINOIS ,2013.0,Female,6994
337,ILLINOIS ,2013.0,Male,12671
338,ILLINOIS ,2014.0,Female,6187
339,ILLINOIS ,2014.0,Male,11250
340,ILLINOIS ,2015.0,Female,5161
341,ILLINOIS ,2015.0,Male,9472
342,ILLINOIS ,2016.0,Female,3776
343,ILLINOIS ,2016.0,Male,6734
344,ILLINOIS ,2017.0,Female,5413
345,ILLINOIS ,2017.0,Male,11168
346,ILLINOIS ,2018.0,Female,5674
347,ILLINOIS ,2018.0,Male,11403
348,ILLINOIS ,2019.0,Female,4618
349,ILLINOIS ,2019.0,Male,9761
350,INDIANA,2009.0,Female,3507
351,INDIANA,2009.0,Male,7386
352,INDIANA,2010.0,Female,3168
353,INDIANA,2010.0,Male,6234
354,INDIANA,2011.0,Female,7173
355,INDIANA,2011.0,Male,13208
356,INDIANA,2012.0,Female,7697
357,INDIANA,2012.0,Male,13512
358,INDIANA,2013.0,Female,8042
359,INDIANA,2013.0,Male,13745
360,INDIANA,2014.0,Female,8222
361,INDIANA,2014.0,Male,13327
362,INDIANA,2015.0,Female,7117
363,INDIANA,2015.0,Male,11406
364,INDIANA,2016.0,Female,5606
365,INDIANA,2016.0,Male,8518
366,INDIANA,2017.0,Female,6420
367,INDIANA,2017.0,Male,9693
368,INDIANA,2018.0,Female,6528
369,INDIANA,2018.0,Male,9461
370,INDIANA,2019.0,Female,4389
371,INDIANA,2019.0,Male,6306
372,IOWA,2009.0,Female,4978
373,IOWA,2009.0,Male,11766
374,IOWA,2010.0,Female,5677
375,IOWA,2010.0,Male,13032
376,IOWA,2011.0,-9.0,1
377,IOWA,2011.0,Female,5332
378,IOWA,2011.0,Male,12294
379,IOWA,2012.0,-9.0,1
380,IOWA,2012.0,Female,5576
381,IOWA,2012.0,Male,12102
382,IOWA,2013.0,-9.0,4
383,IOWA,2013.0,Female,5966
384,IOWA,2013.0,Male,12760
385,IOWA,2014.0,-9.0,3
386,IOWA,2014.0,Female,5588
387,IOWA,2014.0,Male,11821
388,IOWA,2015.0,-9.0,4
389,IOWA,2015.0,Female,5382
390,IOWA,2015.0,Male,11928
391,IOWA,2016.0,-9.0,6
392,IOWA,2016.0,Female,5484
393,IOWA,2016.0,Male,11145
394,IOWA,2017.0,-9.0,7
395,IOWA,2017.0,Female,5415
396,IOWA,2017.0,Male,10688
397,IOWA,2018.0,-9.0,23
398,IOWA,2018.0,Female,5543
399,IOWA,2018.0,Male,10431
400,IOWA,2019.0,-9.0,35
401,IOWA,2019.0,Female,5529
402,IOWA,2019.0,Male,10089
403,KENTUCKY,2009.0,-9.0,7
404,KENTUCKY,2009.0,Female,3928
405,KENTUCKY,2009.0,Male,5272
406,KENTUCKY,2010.0,-9.0,22
407,KENTUCKY,2010.0,Female,10309
408,KENTUCKY,2010.0,Male,9798
409,KENTUCKY,2011.0,-9.0,6
410,KENTUCKY,2011.0,Female,11468
411,KENTUCKY,2011.0,Male,9835
412,KENTUCKY,2012.0,-9.0,8
413,KENTUCKY,2012.0,Female,12727
414,KENTUCKY,2012.0,Male,10319
415,KENTUCKY,2013.0,-9.0,13
416,KENTUCKY,2013.0,Female,12478
417,KENTUCKY,2013.0,Male,9631
418,KENTUCKY,2014.0,-9.0,2
419,KENTUCKY,2014.0,Female,13031
420,KENTUCKY,2014.0,Male,11599
421,KENTUCKY,2015.0,-9.0,9
422,KENTUCKY,2015.0,Female,15472
423,KENTUCKY,2015.0,Male,16185
424,KENTUCKY,2016.0,-9.0,6
425,KENTUCKY,2016.0,Female,16063
426,KENTUCKY,2016.0,Male,16388
427,KENTUCKY,2017.0,-9.0,1
428,KENTUCKY,2017.0,Female,19307
429,KENTUCKY,2017.0,Male,17584
430,KENTUCKY,2018.0,-9.0,15
431,KENTUCKY,2018.0,Female,27811
432,KENTUCKY,2018.0,Male,24058
433,KENTUCKY,2019.0,-9.0,24
434,KENTUCKY,2019.0,Female,25948
435,KENTUCKY,2019.0,Male,22331
436,LOUISIANA,2009.0,Female,2819
437,LOUISIANA,2009.0,Male,6709
438,LOUISIANA,2010.0,Female,2963
439,LOUISIANA,2010.0,Male,6870
440,LOUISIANA,2011.0,Female,2853
441,LOUISIANA,2011.0,Male,6394
442,LOUISIANA,2012.0,-9.0,57
443,LOUISIANA,2012.0,Female,1448
444,LOUISIANA,2012.0,Male,3442
445,LOUISIANA,2013.0,-9.0,151
446,LOUISIANA,2013.0,Female,1059
447,LOUISIANA,2013.0,Male,2210
448,LOUISIANA,2014.0,-9.0,19
449,LOUISIANA,2014.0,Female,993
450,LOUISIANA,2014.0,Male,1809
451,LOUISIANA,2015.0,-9.0,9
452,LOUISIANA,2015.0,Female,751
453,LOUISIANA,2015.0,Male,1339
454,LOUISIANA,2016.0,-9.0,3
455,LOUISIANA,2016.0,Female,1740
456,LOUISIANA,2016.0,Male,2646
457,LOUISIANA,2017.0,-9.0,7
458,LOUISIANA,2017.0,Female,3033
459,LOUISIANA,2017.0,Male,4237
460,LOUISIANA,2018.0,-9.0,4
461,LOUISIANA,2018.0,Female,2849
462,LOUISIANA,2018.0,Male,3715
463,LOUISIANA,2019.0,-9.0,8
464,LOUISIANA,2019.0,Female,2631
465,LOUISIANA,2019.0,Male,3159
466,MAINE,2009.0,Female,2480
467,MAINE,2009.0,Male,4347
468,MAINE,2010.0,Female,2171
469,MAINE,2010.0,Male,3616
470,MAINE,2011.0,Female,2533
471,MAINE,2011.0,Male,4123
472,MAINE,2012.0,Female,2545
473,MAINE,2012.0,Male,3812
474,MAINE,2013.0,Female,2405
475,MAINE,2013.0,Male,3709
476,MAINE,2014.0,Female,2080
477,MAINE,2014.0,Male,3011
478,MAINE,2015.0,Female,1787
479,MAINE,2015.0,Male,2769
480,MAINE,2016.0,Female,1955
481,MAINE,2016.0,Male,2861
482,MAINE,2017.0,Female,1595
483,MAINE,2017.0,Male,2409
484,MAINE,2018.0,-9.0,2
485,MAINE,2018.0,Female,1482
486,MAINE,2018.0,Male,2125
487,MAINE,2019.0,Female,1415
488,MAINE,2019.0,Male,2093
489,MARYLAND,2009.0,Female,7961
490,MARYLAND,2009.0,Male,19618
491,MARYLAND,2010.0,Female,6597
492,MARYLAND,2010.0,Male,15918
493,MARYLAND,2011.0,Female,7411
494,MARYLAND,2011.0,Male,16571
495,MARYLAND,2012.0,Female,8531
496,MARYLAND,2012.0,Male,19010
497,MARYLAND,2013.0,Female,8158
498,MARYLAND,2013.0,Male,18008
499,MARYLAND,2014.0,Female,6997
500,MARYLAND,2014.0,Male,15504
501,MARYLAND,2015.0,Female,5731
502,MARYLAND,2015.0,Male,8896
503,MARYLAND,2016.0,Female,6478
504,MARYLAND,2016.0,Male,9833
505,MARYLAND,2017.0,Female,5916
506,MARYLAND,2017.0,Male,9693
507,MARYLAND,2018.0,-9.0,1
508,MARYLAND,2018.0,Female,6543
509,MARYLAND,2018.0,Male,10880
510,MARYLAND,2019.0,Female,5931
511,MARYLAND,2019.0,Male,9611
512,MASSACHUSETTS,2009.0,-9.0,6
513,MASSACHUSETTS,2009.0,Female,6569
514,MASSACHUSETTS,2009.0,Male,13223
515,MASSACHUSETTS,2010.0,-9.0,6
516,MASSACHUSETTS,2010.0,Female,7279
517,MASSACHUSETTS,2010.0,Male,13567
518,MASSACHUSETTS,2011.0,-9.0,11
519,MASSACHUSETTS,2011.0,Female,6603
520,MASSACHUSETTS,2011.0,Male,12298
521,MASSACHUSETTS,2012.0,-9.0,1
522,MASSACHUSETTS,2012.0,Female,7013
523,MASSACHUSETTS,2012.0,Male,13138
524,MASSACHUSETTS,2013.0,-9.0,9
525,MASSACHUSETTS,2013.0,Female,7009
526,MASSACHUSETTS,2013.0,Male,12581
527,MASSACHUSETTS,2014.0,-9.0,13
528,MASSACHUSETTS,2014.0,Female,6445
529,MASSACHUSETTS,2014.0,Male,15158
530,MASSACHUSETTS,2015.0,-9.0,14
531,MASSACHUSETTS,2015.0,Female,4034
532,MASSACHUSETTS,2015.0,Male,8505
533,MASSACHUSETTS,2016.0,-9.0,12
534,MASSACHUSETTS,2016.0,Female,3903
535,MASSACHUSETTS,2016.0,Male,7943
536,MASSACHUSETTS,2017.0,-9.0,6
537,MASSACHUSETTS,2017.0,Female,3521
538,MASSACHUSETTS,2017.0,Male,7668
539,MASSACHUSETTS,2018.0,-9.0,27
540,MASSACHUSETTS,2018.0,Female,3552
541,MASSACHUSETTS,2018.0,Male,7345
542,MASSACHUSETTS,2019.0,-9.0,31
543,MASSACHUSETTS,2019.0,Female,3655
544,MASSACHUSETTS,2019.0,Male,7781
545,MICHIGAN ,2009.0,Female,10494
546,MICHIGAN ,2009.0,Male,20431
547,MICHIGAN ,2010.0,Female,10427
548,MICHIGAN ,2010.0,Male,17948
549,MICHIGAN ,2011.0,Female,11589
550,MICHIGAN ,2011.0,Male,19700
551,MICHIGAN ,2012.0,Female,10307
552,MICHIGAN ,2012.0,Male,17393
553,MICHIGAN ,2013.0,Female,11309
554,MICHIGAN ,2013.0,Male,18743
555,MICHIGAN ,2014.0,Female,8861
556,MICHIGAN ,2014.0,Male,14147
557,MICHIGAN ,2015.0,Female,6417
558,MICHIGAN ,2015.0,Male,10670
559,MICHIGAN ,2016.0,Female,9389
560,MICHIGAN ,2016.0,Male,14949
561,MICHIGAN ,2017.0,Female,10809
562,MICHIGAN ,2017.0,Male,17140
563,MICHIGAN ,2018.0,Female,12504
564,MICHIGAN ,2018.0,Male,19206
565,MICHIGAN ,2019.0,Female,13398
566,MICHIGAN ,2019.0,Male,19481
567,MINNESOTA,2009.0,Female,425
568,MINNESOTA,2009.0,Male,609
569,MINNESOTA,2010.0,Female,383
570,MINNESOTA,2010.0,Male,543
571,MINNESOTA,2011.0,Female,454
572,MINNESOTA,2011.0,Male,648
573,MINNESOTA,2012.0,Female,582
574,MINNESOTA,2012.0,Male,828
575,MINNESOTA,2013.0,Female,761
576,MINNESOTA,2013.0,Male,1020
577,MINNESOTA,2014.0,Female,885
578,MINNESOTA,2014.0,Male,1147
579,MINNESOTA,2015.0,Female,1114
580,MINNESOTA,2015.0,Male,1425
581,MINNESOTA,2016.0,Female,1272
582,MINNESOTA,2016.0,Male,1647
583,MINNESOTA,2017.0,Female,1342
584,MINNESOTA,2017.0,Male,1763
585,MINNESOTA,2018.0,Female,1151
586,MINNESOTA,2018.0,Male,1441
587,MINNESOTA,2019.0,Female,1072
588,MINNESOTA,2019.0,Male,1318
589,MISSOURI,2009.0,Female,4636
590,MISSOURI,2009.0,Male,12882
591,MISSOURI,2010.0,Female,4854
592,MISSOURI,2010.0,Male,13235
593,MISSOURI,2011.0,-9.0,1
594,MISSOURI,2011.0,Female,3905
595,MISSOURI,2011.0,Male,9344
596,MISSOURI,2012.0,Female,4807
597,MISSOURI,2012.0,Male,10486
598,MISSOURI,2013.0,Female,4500
599,MISSOURI,2013.0,Male,9453
600,MISSOURI,2014.0,-9.0,2
601,MISSOURI,2014.0,Female,4027
602,MISSOURI,2014.0,Male,8368
603,MISSOURI,2015.0,Female,4374
604,MISSOURI,2015.0,Male,8476
605,MISSOURI,2016.0,Female,4138
606,MISSOURI,2016.0,Male,7367
607,MISSOURI,2017.0,Female,3975
608,MISSOURI,2017.0,Male,7504
609,MISSOURI,2018.0,Female,4400
610,MISSOURI,2018.0,Male,8335
611,MISSOURI,2019.0,Female,4470
612,MISSOURI,2019.0,Male,8090
613,MONTANA,2009.0,Female,1281
614,MONTANA,2009.0,Male,3452
615,MONTANA,2010.0,Female,1211
616,MONTANA,2010.0,Male,3403
617,MONTANA,2011.0,Female,1332
618,MONTANA,2011.0,Male,3787
619,MONTANA,2012.0,Female,1521
620,MONTANA,2012.0,Male,3688
621,MONTANA,2013.0,Female,1493
622,MONTANA,2013.0,Male,3343
623,MONTANA,2014.0,Female,1163
624,MONTANA,2014.0,Male,2383
625,MONTANA,2015.0,Female,1025
626,MONTANA,2015.0,Male,2443
627,MONTANA,2016.0,Female,1085
628,MONTANA,2016.0,Male,2239
629,MONTANA,2017.0,Female,655
630,MONTANA,2017.0,Male,1273
631,MONTANA,2018.0,Female,274
632,MONTANA,2018.0,Male,600
633,MONTANA,2019.0,Female,175
634,MONTANA,2019.0,Male,364
635,NEBRASKA,2009.0,-9.0,2
636,NEBRASKA,2009.0,Female,1083
637,NEBRASKA,2009.0,Male,1586
638,NEBRASKA,2010.0,-9.0,5
639,NEBRASKA,2010.0,Female,1559
640,NEBRASKA,2010.0,Male,2443
641,NEBRASKA,2011.0,Female,1745
642,NEBRASKA,2011.0,Male,2459
643,NEBRASKA,2012.0,Female,1807
644,NEBRASKA,2012.0,Male,2560
645,NEBRASKA,2013.0,-9.0,1
646,NEBRASKA,2013.0,Female,1562
647,NEBRASKA,2013.0,Male,2437
648,NEBRASKA,2014.0,Female,1235
649,NEBRASKA,2014.0,Male,2016
650,NEBRASKA,2015.0,-9.0,2
651,NEBRASKA,2015.0,Female,1389
652,NEBRASKA,2015.0,Male,2345
653,NEBRASKA,2016.0,-9.0,10
654,NEBRASKA,2016.0,Female,2052
655,NEBRASKA,2016.0,Male,3675
656,NEBRASKA,2017.0,-9.0,22
657,NEBRASKA,2017.0,Female,1542
658,NEBRASKA,2017.0,Male,2930
659,NEBRASKA,2018.0,-9.0,60
660,NEBRASKA,2018.0,Female,2096
661,NEBRASKA,2018.0,Male,3916
662,NEBRASKA,2019.0,-9.0,36
663,NEBRASKA,2019.0,Female,1906
664,NEBRASKA,2019.0,Male,3742
665,NEVADA,2009.0,Female,1904
666,NEVADA,2009.0,Male,3373
667,NEVADA,2010.0,Female,1822
668,NEVADA,2010.0,Male,3230
669,NEVADA,2011.0,Female,1821
670,NEVADA,2011.0,Male,3652
671,NEVADA,2012.0,Female,2195
672,NEVADA,2012.0,Male,3504
673,NEVADA,2013.0,Female,1967
674,NEVADA,2013.0,Male,3397
675,NEVADA,2014.0,Female,1715
676,NEVADA,2014.0,Male,2815
677,NEVADA,2015.0,Female,1263
678,NEVADA,2015.0,Male,2242
679,NEVADA,2016.0,Female,937
680,NEVADA,2016.0,Male,1641
681,NEVADA,2017.0,-9.0,4
682,NEVADA,2017.0,Female,895
683,NEVADA,2017.0,Male,1701
684,NEVADA,2018.0,-9.0,7
685,NEVADA,2018.0,Female,908
686,NEVADA,2018.0,Male,1832
687,NEVADA,2019.0,-9.0,3
688,NEVADA,2019.0,Female,1363
689,NEVADA,2019.0,Male,2383
690,NEW HAMPSHIRE ,2009.0,Female,1155
691,NEW HAMPSHIRE ,2009.0,Male,1924
692,NEW HAMPSHIRE ,2010.0,Female,1149
693,NEW HAMPSHIRE ,2010.0,Male,2107
694,NEW HAMPSHIRE ,2011.0,Female,968
695,NEW HAMPSHIRE ,2011.0,Male,1725
696,NEW HAMPSHIRE ,2012.0,Female,828
697,NEW HAMPSHIRE ,2012.0,Male,1419
698,NEW HAMPSHIRE ,2013.0,Female,834
699,NEW HAMPSHIRE ,2013.0,Male,1521
700,NEW HAMPSHIRE ,2014.0,Female,820
701,NEW HAMPSHIRE ,2014.0,Male,1356
702,NEW HAMPSHIRE ,2015.0,Female,925
703,NEW HAMPSHIRE ,2015.0,Male,1383
704,NEW HAMPSHIRE ,2016.0,Female,1078
705,NEW HAMPSHIRE ,2016.0,Male,1375
706,NEW HAMPSHIRE ,2017.0,-9.0,2
707,NEW HAMPSHIRE ,2017.0,Female,1164
708,NEW HAMPSHIRE ,2017.0,Male,1788
709,NEW HAMPSHIRE ,2018.0,-9.0,1
710,NEW HAMPSHIRE ,2018.0,Female,869
711,NEW HAMPSHIRE ,2018.0,Male,1205
712,NEW HAMPSHIRE ,2019.0,-9.0,1
713,NEW HAMPSHIRE ,2019.0,Female,449
714,NEW HAMPSHIRE ,2019.0,Male,540
715,NEW JERSEY,2009.0,-9.0,9
716,NEW JERSEY,2009.0,Female,6639
717,NEW JERSEY,2009.0,Male,16445
718,NEW JERSEY,2010.0,-9.0,7
719,NEW JERSEY,2010.0,Female,7344
720,NEW JERSEY,2010.0,Male,17797
721,NEW JERSEY,2011.0,-9.0,4
722,NEW JERSEY,2011.0,Female,7962
723,NEW JERSEY,2011.0,Male,19126
724,NEW JERSEY,2012.0,Female,8309
725,NEW JERSEY,2012.0,Male,18782
726,NEW JERSEY,2013.0,-9.0,4
727,NEW JERSEY,2013.0,Female,8013
728,NEW JERSEY,2013.0,Male,17891
729,NEW JERSEY,2014.0,-9.0,2
730,NEW JERSEY,2014.0,Female,7150
731,NEW JERSEY,2014.0,Male,16484
732,NEW JERSEY,2015.0,-9.0,9
733,NEW JERSEY,2015.0,Female,7747
734,NEW JERSEY,2015.0,Male,17745
735,NEW JERSEY,2016.0,-9.0,8
736,NEW JERSEY,2016.0,Female,8602
737,NEW JERSEY,2016.0,Male,18961
738,NEW JERSEY,2017.0,-9.0,9
739,NEW JERSEY,2017.0,Female,8675
740,NEW JERSEY,2017.0,Male,19315
741,NEW JERSEY,2018.0,-9.0,10
742,NEW JERSEY,2018.0,Female,9634
743,NEW JERSEY,2018.0,Male,20391
744,NEW JERSEY,2019.0,-9.0,20
745,NEW JERSEY,2019.0,Female,9735
746,NEW JERSEY,2019.0,Male,20572
747,NEW MEXICO ,2010.0,-9.0,1684
748,NEW MEXICO ,2010.0,Female,1409
749,NEW MEXICO ,2010.0,Male,2221
750,NEW MEXICO ,2011.0,-9.0,2972
751,NEW MEXICO ,2011.0,Female,2906
752,NEW MEXICO ,2011.0,Male,3792
753,NEW MEXICO ,2015.0,-9.0,1
754,NEW MEXICO ,2015.0,Female,232
755,NEW MEXICO ,2015.0,Male,595
756,NEW MEXICO ,2016.0,-9.0,6
757,NEW MEXICO ,2016.0,Female,126
758,NEW MEXICO ,2016.0,Male,282
759,NEW MEXICO ,2017.0,-9.0,5
760,NEW MEXICO ,2017.0,Female,96
761,NEW MEXICO ,2017.0,Male,200
762,NEW MEXICO ,2018.0,-9.0,5
763,NEW MEXICO ,2018.0,Female,32
764,NEW MEXICO ,2018.0,Male,48
765,NEW MEXICO ,2019.0,-9.0,4
766,NEW MEXICO ,2019.0,Female,71
767,NEW MEXICO ,2019.0,Male,108
768,NEW YORK,2009.0,Female,35322
769,NEW YORK,2009.0,Male,94710
770,NEW YORK,2010.0,Female,39085
771,NEW YORK,2010.0,Male,102768
772,NEW YORK,2011.0,Female,38986
773,NEW YORK,2011.0,Male,100575
774,NEW YORK,2012.0,Female,38662
775,NEW YORK,2012.0,Male,96438
776,NEW YORK,2013.0,Female,38622
777,NEW YORK,2013.0,Male,94614
778,NEW YORK,2014.0,Female,37881
779,NEW YORK,2014.0,Male,92507
780,NEW YORK,2015.0,Female,38248
781,NEW YORK,2015.0,Male,91056
782,NEW YORK,2016.0,Female,37628
783,NEW YORK,2016.0,Male,87467
784,NEW YORK,2017.0,Female,36909
785,NEW YORK,2017.0,Male,84947
786,NEW YORK,2018.0,Female,37046
787,NEW YORK,2018.0,Male,83322
788,NEW YORK,2019.0,Female,35677
789,NEW YORK,2019.0,Male,80805
790,NORTH CAROLINA,2010.0,-9.0,5
791,NORTH CAROLINA,2010.0,Female,19371
792,NORTH CAROLINA,2010.0,Male,40919
793,NORTH CAROLINA,2011.0,-9.0,6
794,NORTH CAROLINA,2011.0,Female,18930
795,NORTH CAROLINA,2011.0,Male,39823
796,NORTH CAROLINA,2012.0,-9.0,7
797,NORTH CAROLINA,2012.0,Female,15408
798,NORTH CAROLINA,2012.0,Male,32801
799,NORTH CAROLINA,2013.0,-9.0,4
800,NORTH CAROLINA,2013.0,Female,11270
801,NORTH CAROLINA,2013.0,Male,24753
802,NORTH CAROLINA,2014.0,-9.0,7
803,NORTH CAROLINA,2014.0,Female,11369
804,NORTH CAROLINA,2014.0,Male,24128
805,NORTH CAROLINA,2015.0,-9.0,16
806,NORTH CAROLINA,2015.0,Female,6886
807,NORTH CAROLINA,2015.0,Male,16106
808,NORTH CAROLINA,2016.0,-9.0,16
809,NORTH CAROLINA,2016.0,Female,12409
810,NORTH CAROLINA,2016.0,Male,26409
811,NORTH CAROLINA,2017.0,-9.0,3
812,NORTH CAROLINA,2017.0,Female,32124
813,NORTH CAROLINA,2017.0,Male,64405
814,NORTH CAROLINA,2018.0,-9.0,1
815,NORTH CAROLINA,2018.0,Female,28779
816,NORTH CAROLINA,2018.0,Male,51400
817,NORTH CAROLINA,2019.0,-9.0,7
818,NORTH CAROLINA,2019.0,Female,36294
819,NORTH CAROLINA,2019.0,Male,65109
820,NORTH DAKOTA,2009.0,-9.0,5
821,NORTH DAKOTA,2009.0,Female,487
822,NORTH DAKOTA,2009.0,Male,880
823,NORTH DAKOTA,2010.0,-9.0,2
824,NORTH DAKOTA,2010.0,Female,461
825,NORTH DAKOTA,2010.0,Male,822
826,NORTH DAKOTA,2011.0,-9.0,5
827,NORTH DAKOTA,2011.0,Female,325
828,NORTH DAKOTA,2011.0,Male,536
829,NORTH DAKOTA,2012.0,Female,173
830,NORTH DAKOTA,2012.0,Male,382
831,NORTH DAKOTA,2013.0,-9.0,1
832,NORTH DAKOTA,2013.0,Female,179
833,NORTH DAKOTA,2013.0,Male,347
834,NORTH DAKOTA,2014.0,Female,185
835,NORTH DAKOTA,2014.0,Male,351
836,NORTH DAKOTA,2015.0,-9.0,1
837,NORTH DAKOTA,2015.0,Female,245
838,NORTH DAKOTA,2015.0,Male,359
839,NORTH DAKOTA,2016.0,Female,13
840,NORTH DAKOTA,2016.0,Male,17
841,NORTH DAKOTA,2017.0,Female,14
842,NORTH DAKOTA,2017.0,Male,26
843,NORTH DAKOTA,2019.0,-9.0,1
844,NORTH DAKOTA,2019.0,Female,24
845,NORTH DAKOTA,2019.0,Male,55
846,OHIO,2009.0,Female,18494
847,OHIO,2009.0,Male,33212
848,OHIO,2010.0,-9.0,1
849,OHIO,2010.0,Female,16310
850,OHIO,2010.0,Male,29691
851,OHIO,2011.0,Female,13024
852,OHIO,2011.0,Male,23359
853,OHIO,2012.0,Female,7627
854,OHIO,2012.0,Male,13755
855,OHIO,2013.0,-9.0,2
856,OHIO,2013.0,Female,8183
857,OHIO,2013.0,Male,15280
858,OHIO,2014.0,Female,9140
859,OHIO,2014.0,Male,16887
860,OHIO,2015.0,-9.0,3
861,OHIO,2015.0,Female,8742
862,OHIO,2015.0,Male,14993
863,OHIO,2016.0,-9.0,3
864,OHIO,2016.0,Female,7393
865,OHIO,2016.0,Male,11848
866,OHIO,2017.0,-9.0,6
867,OHIO,2017.0,Female,6691
868,OHIO,2017.0,Male,10936
869,OHIO,2018.0,-9.0,5
870,OHIO,2018.0,Female,5581
871,OHIO,2018.0,Male,9763
872,OHIO,2019.0,-9.0,1
873,OHIO,2019.0,Female,3848
874,OHIO,2019.0,Male,6244
875,OKLAHOMA,2009.0,Female,3242
876,OKLAHOMA,2009.0,Male,5328
877,OKLAHOMA,2010.0,Female,2427
878,OKLAHOMA,2010.0,Male,3680
879,OKLAHOMA,2011.0,Female,3062
880,OKLAHOMA,2011.0,Male,3848
881,OKLAHOMA,2012.0,Female,3315
882,OKLAHOMA,2012.0,Male,4745
883,OKLAHOMA,2013.0,Female,3424
884,OKLAHOMA,2013.0,Male,4618
885,OKLAHOMA,2014.0,Female,4027
886,OKLAHOMA,2014.0,Male,5154
887,OKLAHOMA,2015.0,Female,3598
888,OKLAHOMA,2015.0,Male,4685
889,OKLAHOMA,2016.0,Female,4175
890,OKLAHOMA,2016.0,Male,5218
891,OKLAHOMA,2017.0,Female,4158
892,OKLAHOMA,2017.0,Male,5128
893,OKLAHOMA,2018.0,Female,4267
894,OKLAHOMA,2018.0,Male,5018
895,OKLAHOMA,2019.0,Female,4118
896,OKLAHOMA,2019.0,Male,4410
897,PENNSYLVANIA,2012.0,Female,12
898,PENNSYLVANIA,2012.0,Male,29
899,PENNSYLVANIA,2013.0,Female,3476
900,PENNSYLVANIA,2013.0,Male,9751
901,PENNSYLVANIA,2014.0,Female,3721
902,PENNSYLVANIA,2014.0,Male,9974
903,PENNSYLVANIA,2015.0,-9.0,3
904,PENNSYLVANIA,2015.0,Female,1995
905,PENNSYLVANIA,2015.0,Male,5841
906,PENNSYLVANIA,2016.0,-9.0,1
907,PENNSYLVANIA,2016.0,Female,2428
908,PENNSYLVANIA,2016.0,Male,7058
909,PENNSYLVANIA,2017.0,-9.0,2
910,PENNSYLVANIA,2017.0,Female,3027
911,PENNSYLVANIA,2017.0,Male,8616
912,PENNSYLVANIA,2018.0,-9.0,4
913,PENNSYLVANIA,2018.0,Female,2923
914,PENNSYLVANIA,2018.0,Male,7823
915,PENNSYLVANIA,2019.0,-9.0,3
916,PENNSYLVANIA,2019.0,Female,3055
917,PENNSYLVANIA,2019.0,Male,8555
918,RHODE ISLAND,2009.0,Female,1366
919,RHODE ISLAND,2009.0,Male,3423
920,RHODE ISLAND,2010.0,Female,1648
921,RHODE ISLAND,2010.0,Male,3650
922,RHODE ISLAND,2011.0,Female,1737
923,RHODE ISLAND,2011.0,Male,3814
924,RHODE ISLAND,2012.0,Female,1770
925,RHODE ISLAND,2012.0,Male,3898
926,RHODE ISLAND,2013.0,Female,1635
927,RHODE ISLAND,2013.0,Male,3564
928,RHODE ISLAND,2014.0,Female,1494
929,RHODE ISLAND,2014.0,Male,3183
930,RHODE ISLAND,2015.0,Female,1640
931,RHODE ISLAND,2015.0,Male,3642
932,RHODE ISLAND,2016.0,Female,1783
933,RHODE ISLAND,2016.0,Male,3729
934,RHODE ISLAND,2017.0,Female,1764
935,RHODE ISLAND,2017.0,Male,3666
936,RHODE ISLAND,2018.0,Female,1348
937,RHODE ISLAND,2018.0,Male,2674
938,RHODE ISLAND,2019.0,Female,1963
939,RHODE ISLAND,2019.0,Male,4271
940,SOUTH DAKOTA,2009.0,Female,973
941,SOUTH DAKOTA,2009.0,Male,2341
942,SOUTH DAKOTA,2010.0,Female,1053
943,SOUTH DAKOTA,2010.0,Male,2255
944,SOUTH DAKOTA,2011.0,Female,1077
945,SOUTH DAKOTA,2011.0,Male,2334
946,SOUTH DAKOTA,2012.0,Female,1111
947,SOUTH DAKOTA,2012.0,Male,2484
948,SOUTH DAKOTA,2013.0,Female,1194
949,SOUTH DAKOTA,2013.0,Male,2468
950,SOUTH DAKOTA,2014.0,Female,1093
951,SOUTH DAKOTA,2014.0,Male,2453
952,SOUTH DAKOTA,2015.0,Female,1200
953,SOUTH DAKOTA,2015.0,Male,2191
954,SOUTH DAKOTA,2016.0,Female,1394
955,SOUTH DAKOTA,2016.0,Male,2868
956,SOUTH DAKOTA,2017.0,Female,1580
957,SOUTH DAKOTA,2017.0,Male,3262
958,SOUTH DAKOTA,2018.0,Female,1935
959,SOUTH DAKOTA,2018.0,Male,3639
960,SOUTH DAKOTA,2019.0,Female,2102
961,SOUTH DAKOTA,2019.0,Male,3787
962,TENNESSEE,2009.0,Female,260
963,TENNESSEE,2009.0,Male,650
964,TENNESSEE,2010.0,Female,319
965,TENNESSEE,2010.0,Male,749
966,TENNESSEE,2011.0,Female,581
967,TENNESSEE,2011.0,Male,1529
968,TENNESSEE,2012.0,Female,474
969,TENNESSEE,2012.0,Male,1388
970,TENNESSEE,2013.0,Female,532
971,TENNESSEE,2013.0,Male,1443
972,TENNESSEE,2014.0,Female,575
973,TENNESSEE,2014.0,Male,1384
974,TENNESSEE,2015.0,Female,698
975,TENNESSEE,2015.0,Male,1237
976,TENNESSEE,2016.0,Female,793
977,TENNESSEE,2016.0,Male,1168
978,TENNESSEE,2017.0,-9.0,1
979,TENNESSEE,2017.0,Female,624
980,TENNESSEE,2017.0,Male,1253
981,TENNESSEE,2018.0,-9.0,2
982,TENNESSEE,2018.0,Female,559
983,TENNESSEE,2018.0,Male,1105
984,TENNESSEE,2019.0,Female,738
985,TENNESSEE,2019.0,Male,1142
986,TEXAS,2009.0,Female,4167
987,TEXAS,2009.0,Male,4960
988,TEXAS,2010.0,Female,5254
989,TEXAS,2010.0,Male,7970
990,TEXAS,2011.0,Female,5730
991,TEXAS,2011.0,Male,8807
992,TEXAS,2012.0,Female,5343
993,TEXAS,2012.0,Male,8251
994,TEXAS,2013.0,Female,5127
995,TEXAS,2013.0,Male,7114
996,TEXAS,2014.0,Female,4615
997,TEXAS,2014.0,Male,6435
998,TEXAS,2015.0,Female,3810
999,TEXAS,2015.0,Male,5341
1000,TEXAS,2016.0,Female,3516
1001,TEXAS,2016.0,Male,5163
1002,TEXAS,2017.0,Female,3001
1003,TEXAS,2017.0,Male,4523
1004,TEXAS,2018.0,Female,5425
1005,TEXAS,2018.0,Male,8243
1006,TEXAS,2019.0,Female,5820
1007,TEXAS,2019.0,Male,9174
1008,UTAH,2009.0,Female,2869
1009,UTAH,2009.0,Male,5240
1010,UTAH,2010.0,Female,2732
1011,UTAH,2010.0,Male,4934
1012,UTAH,2011.0,Female,2667
1013,UTAH,2011.0,Male,4709
1014,UTAH,2012.0,Female,2804
1015,UTAH,2012.0,Male,4635
1016,UTAH,2013.0,Female,3043
1017,UTAH,2013.0,Male,4844
1018,UTAH,2014.0,Female,3035
1019,UTAH,2014.0,Male,4388
1020,UTAH,2015.0,Female,2987
1021,UTAH,2015.0,Male,4350
1022,UTAH,2016.0,Female,2537
1023,UTAH,2016.0,Male,4044
1024,UTAH,2017.0,Female,2599
1025,UTAH,2017.0,Male,3989
1026,UTAH,2018.0,Female,3032
1027,UTAH,2018.0,Male,4665
1028,UTAH,2019.0,Female,2658
1029,UTAH,2019.0,Male,4242
1030,VERMONT,2009.0,-9.0,1
1031,VERMONT,2009.0,Female,1186
1032,VERMONT,2009.0,Male,2408
1033,VERMONT,2010.0,-9.0,1
1034,VERMONT,2010.0,Female,1590
1035,VERMONT,2010.0,Male,3227
1036,VERMONT,2011.0,Female,1538
1037,VERMONT,2011.0,Male,2753
1038,VERMONT,2012.0,Female,1708
1039,VERMONT,2012.0,Male,2937
1040,VERMONT,2013.0,-9.0,1
1041,VERMONT,2013.0,Female,2159
1042,VERMONT,2013.0,Male,3638
1043,VERMONT,2014.0,-9.0,3
1044,VERMONT,2014.0,Female,2343
1045,VERMONT,2014.0,Male,3643
1046,VERMONT,2015.0,-9.0,1
1047,VERMONT,2015.0,Female,2382
1048,VERMONT,2015.0,Male,3688
1049,VERMONT,2016.0,-9.0,1
1050,VERMONT,2016.0,Female,2184
1051,VERMONT,2016.0,Male,3239
1052,VERMONT,2017.0,Female,2162
1053,VERMONT,2017.0,Male,3294
1054,VERMONT,2018.0,-9.0,3
1055,VERMONT,2018.0,Female,2456
1056,VERMONT,2018.0,Male,3856
1057,VERMONT,2019.0,-9.0,7
1058,VERMONT,2019.0,Female,2069
1059,VERMONT,2019.0,Male,3141
1060,WISCONSIN,2009.0,Female,3006
1061,WISCONSIN,2009.0,Male,8360
1062,WISCONSIN,2010.0,Female,3301
1063,WISCONSIN,2010.0,Male,8881
1064,WISCONSIN,2011.0,Female,3025
1065,WISCONSIN,2011.0,Male,8063
1066,WISCONSIN,2012.0,Female,2549
1067,WISCONSIN,2012.0,Male,6710
1068,WISCONSIN,2013.0,Female,2366
1069,WISCONSIN,2013.0,Male,6530
1070,WISCONSIN,2014.0,Female,1392
1071,WISCONSIN,2014.0,Male,3134
1072,WISCONSIN,2015.0,Female,1189
1073,WISCONSIN,2015.0,Male,2740
1074,WISCONSIN,2016.0,Female,1002
1075,WISCONSIN,2016.0,Male,2323
1076,WISCONSIN,2017.0,Female,1418
1077,WISCONSIN,2017.0,Male,3029
1078,WISCONSIN,2018.0,Female,1537
1079,WISCONSIN,2018.0,Male,3643
1080,WISCONSIN,2019.0,-9.0,1
1081,WISCONSIN,2019.0,Female,1545
1082,WISCONSIN,2019.0,Male,3289
1083,WYOMING,2009.0,-9.0,13
1084,WYOMING,2009.0,Female,356
1085,WYOMING,2009.0,Male,827
1086,WYOMING,2010.0,Female,461
1087,WYOMING,2010.0,Male,1138
1088,WYOMING,2011.0,-9.0,1
1089,WYOMING,2011.0,Female,738
1090,WYOMING,2011.0,Male,1648
1091,WYOMING,2012.0,Female,609
1092,WYOMING,2012.0,Male,1314
1093,WYOMING,2013.0,Female,654
1094,WYOMING,2013.0,Male,1406
1095,WYOMING,2014.0,Female,694
1096,WYOMING,2014.0,Male,1396
1097,WYOMING,2015.0,Female,630
1098,WYOMING,2015.0,Male,1361
1099,WYOMING,2016.0,Female,547
1100,WYOMING,2016.0,Male,1299
1101,WYOMING,2017.0,Female,534
1102,WYOMING,2017.0,Male,1119
1103,WYOMING,2018.0,Female,599
1104,WYOMING,2018.0,Male,1222
1105,WYOMING,2019.0,Female,707
1106,WYOMING,2019.0,Male,1390
